cpu, time
1, 7.217511892318726
2, 3.887864589691162
3,
4,
5,
6,
7,
8,
9,
10,
11,
12,
